{"training_time": 0.14744091033935547, "inference_latency": 0.0005049346244498475, "RMSE_loss": 78.0596694946289, "R_squared": NaN}