{"training_time": 0.15900731086730957, "inference_latency": 0.0005445455851620191, "RMSE_loss": 108.38521447573622, "R_squared": NaN}