{"test_accuracy": 0.012048192771084338, "test_precision": 0.02108433734939759, "test_recall": 0.0074487895716946}