{"training_time": 0.11399078369140625, "inference_latency": 0.0003903793962034461, "RMSE_loss": 110.98820495605469, "R_squared": NaN}