{"mse": 13932.646677495548, "rmse": 118.0366327776913, "r2": 0.20003502490563715}