{"mse": 11874.628398645742, "rmse": 108.97076855123002, "r2": 0.30426989032666596}