{"training_time": 0.09427309036254883, "inference_latency": 0.00032285304918681104, "RMSE_loss": 165.00778477812466, "R_squared": NaN}