{"mse": 12394.26772135967, "rmse": 111.32954559037628, "r2": 0.2810845141321433}