{"training_time": 0.11878299713134766, "inference_latency": 0.0004067910860662591, "RMSE_loss": 59.62389373779297, "R_squared": NaN}