{"training_time": 0.13820505142211914, "inference_latency": 0.0004733049706236957, "RMSE_loss": 106.88888179112787, "R_squared": NaN}