{"training_time": 0.12450265884399414, "inference_latency": 0.00042637896864381554, "RMSE_loss": 170.39576205162152, "R_squared": NaN}