{"training_time": 0.0975492000579834, "inference_latency": 0.0003340726029382993, "RMSE_loss": 96.94834284259848, "R_squared": NaN}