{"training_time": 0.11564397811889648, "inference_latency": 0.0003960410209551249, "RMSE_loss": 109.30329895019531, "R_squared": NaN}