{"training_time": 0.1410520076751709, "inference_latency": 0.0004830548208053798, "RMSE_loss": 111.388916015625, "R_squared": NaN}