{"training_time": 0.10021400451660156, "inference_latency": 0.0003431986456047999, "RMSE_loss": 160.12137918602932, "R_squared": NaN}