{"training_time": 0.10315895080566406, "inference_latency": 0.00035328407810158926, "RMSE_loss": 96.43461307107586, "R_squared": NaN}