{"training_time": 0.10115814208984375, "inference_latency": 0.000346431993458369, "RMSE_loss": 103.98132005782976, "R_squared": NaN}