{"training_time": 0.07574200630187988, "inference_latency": 0.00025939043254068455, "RMSE_loss": NaN, "R_squared": NaN}