{"training_time": 0.1236579418182373, "inference_latency": 0.00042348610211725106, "RMSE_loss": NaN, "R_squared": NaN}