{"training_time": 0.16410493850708008, "inference_latency": 0.0005620032140653428, "RMSE_loss": 171.89985464697014, "R_squared": NaN}