{"training_time": 0.09581375122070312, "inference_latency": 0.000328129285002408, "RMSE_loss": 118.30659235340275, "R_squared": NaN}