{"training_time": 0.15245485305786133, "inference_latency": 0.0005221056611570594, "RMSE_loss": 38.80766296386719, "R_squared": NaN}