{"training_time": 0.11643505096435547, "inference_latency": 0.00039875017453546395, "RMSE_loss": 97.86160020958887, "R_squared": NaN}