{"training_time": 0.10965609550476074, "inference_latency": 0.0003755345736464409, "RMSE_loss": 31.640174865722656, "R_squared": NaN}