{"training_time": 0.16410231590270996, "inference_latency": 0.0005619942325435273, "RMSE_loss": 176.001600291631, "R_squared": NaN}