{"training_time": 0.1007528305053711, "inference_latency": 0.0003450439400868873, "RMSE_loss": NaN, "R_squared": NaN}