{"training_time": 0.10467672348022461, "inference_latency": 0.0003584819297267966, "RMSE_loss": 29.264328002929688, "R_squared": NaN}