{"training_time": 0.09915590286254883, "inference_latency": 0.0003395750098032494, "RMSE_loss": 134.6878274760834, "R_squared": NaN}