{"training_time": 0.14089417457580566, "inference_latency": 0.00048251429649248515, "RMSE_loss": 157.38506080026497, "R_squared": NaN}