{"training_time": 0.11670470237731934, "inference_latency": 0.0003996736382784909, "RMSE_loss": 52.807769775390625, "R_squared": NaN}