{"training_time": 0.12410712242126465, "inference_latency": 0.0004250243918536461, "RMSE_loss": 171.2427978515625, "R_squared": NaN}