{"training_time": 0.0833899974822998, "inference_latency": 0.00028558218315856095, "RMSE_loss": NaN, "R_squared": NaN}