{"training_time": 0.12866520881652832, "inference_latency": 0.0004406342767689326, "RMSE_loss": 112.56269727994318, "R_squared": NaN}