{"training_time": 0.094696044921875, "inference_latency": 0.00032430152370505137, "RMSE_loss": 112.29389102818214, "R_squared": NaN}