{"training_time": 0.09186315536499023, "inference_latency": 0.00031459984714037753, "RMSE_loss": 42.57854461669922, "R_squared": NaN}