{"mse": 13581.686161509659, "rmse": 116.54049151050316, "r2": 0.25641977914749847}