{"training_time": 0.09927201271057129, "inference_latency": 0.00033997264626907977, "RMSE_loss": 95.29945884665398, "R_squared": NaN}