{"training_time": 0.19228887557983398, "inference_latency": 0.0006585235465062808, "RMSE_loss": 191.91915893554688, "R_squared": NaN}