{"training_time": 0.0724790096282959, "inference_latency": 0.00024821578639827363, "RMSE_loss": NaN, "R_squared": NaN}