{"training_time": 0.1055898666381836, "inference_latency": 0.00036160913232254657, "RMSE_loss": 99.246213560235, "R_squared": NaN}