{"training_time": 0.07671499252319336, "inference_latency": 0.00026272257713422383, "RMSE_loss": NaN, "R_squared": NaN}