{"training_time": 0.07599997520446777, "inference_latency": 0.0002602738876865335, "RMSE_loss": NaN, "R_squared": NaN}